INSERT INTO TIPOS_HECHIZO (ID, NOMBRE) VALUES
(1, 'Instantáneo'),
(2, 'Canalizado'),
(3, 'Conjurado'),
(4, 'Pasivo'),
(5, 'Libre');

INSERT INTO TIPOS_OBJETIVO (ID, Nombre) VALUES
(1, 'Único'),
(2, 'Múltiple'),
(3, 'Área'),
(4, 'Yo');

INSERT INTO ESCUELAS (ID, NOMBRE, COLOR) VALUES
(1, 'Sombrío','ffffff'),
(2, 'Arcano','ffffff'),
(3, 'Natural','ffffff'),
(4, 'Divino','ffffff'),
(5, 'Vil','ffffff');

INSERT INTO CLASES (ID, COLOR, NOMBRE) VALUES
(1, '9382c9', 'Brujo'),
(2, '7fb5b5', 'Mago'),
(3, '0070DD', 'Chamán'),
(4, 'ffffff', 'Sacerdote'),
(5, 'b86b24', 'Druida'),
(6, 'AAD369', 'Cazador');


INSERT INTO FAMILIAS (ID, ID_CLASE, COLOR, NOMBRE) VALUES
(1, 1, '5e367c', 'Demonología'),
(2, 1, '1b0425', 'Sombras'),
(3, 1, '2b3f3b', 'Aflicción'),
(4, 1, '7bb639', 'Vil'),
(5, 1, '800000', 'Destrucción'),
(6, 2, '95b0c5', 'Escarcha'),
(7, 2, 'ff5a36', 'Fuego'),
(8, 2, 'a03472', 'Arcano'),
(9, 3, '00a0a0', 'Elemental'),
(10, 3, '5f68d1', 'Mejora'),
(11, 3, '577841', 'Recuperación'),
(12, 4, 'def1fd', 'Disciplina'),
(13, 4, 'ffb646', 'Sagrado'),
(14, 4, '1b0425', 'Sombras'),
(15, 5, '914145', 'Feral'),
(16, 5, '84594e', 'Equilibrio'),
(17, 5, '849e48', 'Restauración'),
(18, 3, '49678d', 'Espiritual'),
(19, 3, '6a5acd', 'Tótems'),
(20, 6, 'e9a036', 'Bestias'),
(21, 6, 'b5423c', 'Punteria'),
(22, 6, '3f5e33', 'Supervivencia'),
(23, 3, '9382c9', 'Corrupción'),
(24, 3, '9382c9', 'Putrefacción'),
(25, 1, '03070b', 'Necromancia'),
(26, 7, '1B0425', 'Sombras');

INSERT INTO HECHIZOS (ID, ID_CLASE, ID_FAMILIA, ID_ESCUELA, NOMBRE, COSTE, REQUISITO, LVL, ID_OBJETIVO, ID_TIPO, NUM_TIPO, DURACION, ALCANCE, EFECTO, FECHA_MODIFICACION, LEGENDARIO) VALUES
(1, 2, 8, 2, 'Misiles arcanos', 1, '', 1, 1, 2, 3, 'Concentración', 40, 'Por cada ronda canalizado lanza un misil arcano que inflige 1D6 de daño', '2021-11-16', 0),
(2, 2, 8, 2, 'Deflagración arcana', 1, '', 2, 3, 1, 0, 'Inmediato', 0, 'Explosión arcana en el area que rodea al mago que causa 1D4 de daño en área. Si el resultado de los dados es 4 consigue empujar a los enemigos lejos de mago.', '2021-11-17', 0),
(3, 2, 8, 2, 'Robar hechizo', 2, '', 8, 1, 1, 0, '2 Rondas', 40, 'Roba un efecto magico beneficioso del objetivo de forma temporal. El coste aumenta según la diferencia de nivel del objetivo.', '2021-11-17', 0),
(4, 2, 8, 2, 'Cleptomanía', 0, 'Conocer Robar hechizo', 10, 1, 4, 0, 'Siempre', 0, 'Robar hechizo afecta todos los efectos magicos beneficiosos del objetivo', '2021-11-17', 0),
(5, 2, 8, 2, 'Evocación', 0, '', 6, 4, 2, 4, 'Concentración', 0, 'Canaliza el mana a tu alrededor en un torbellino de energía pura y restaura el 50% de tu mana máx por turno. El efecto se reduce a la mitad por cada lanzamiento de este hechizo sin realizar un descanso.', '2021-11-16', 0),
(6, 2, 8, 2, 'Estela', 2, '', 6, 4, 1, 0, 'Inmediato', 0, 'Tu siguiente hechizo canalizado se puede lanzar en movimiento. Esquivar mientras canaliza ya no penaliza', '2021-11-16', 0),
(7, 2, 8, 2, 'Reflejo exacto', 3, '', 9, 4, 1, 0, '2 Rondas', -1, 'Crea cerca de ti un numero de copias de ti mismo que realiza tus mismas acciones provocando la mitad de daño. El daño directo disipa tus copias. Puedes consumir máx 2 maná extra para crear dos copias más.', '2021-11-17', 0),
(8, 2, 8, 2, 'Invisibilidad', 2, '', 7, 4, 1, 0, '10 Rondas', 0, 'Te desvaneces poco a poco durante 1 ronda antes de volverte invisible. Al lanzar hechizos o atacar pierde el efecto.', '2021-11-17', 0),
(9, 2, 8, 2, 'Invisibilidad en masa', 4, '', 9, 3, 1, 0, '2 Rondas', 30, 'Te haces invisible a ti y tus aliados. Al lanzar hechizos o atacar pierden el efecto.', '2021-11-17', 0),
(10, 2, 8, 2, 'Escudo temporal', 2, '', 4, 4, 1, 0, '2 Rondas', 0, 'Te envuelve en un escudo temporalque te protege de todo el daño recibido pero al expirar el efecto lo recibes.', '2021-11-16', 0),
(11, 2, 8, 2, 'Alterar tiempo', 2, 'Conocer al menos 8 hechizos arcanos', 10, 4, 1, 0, '2 Rondas', 0, 'Altera el curso del tiempo y te devuelve a tu ubicación y salud cuando se lanzo por primera vez.', '2021-11-15', 0),
(12, 2, 8, 2, 'Polimorfia', 1, '', 3, 1, 3, 1, '30 mins', 30, 'Transforma al enemigo en un animal desorientado que no puede actacar durante hasta que reciba daño. Penalizador de 1 por cada nivel de diferencia entre el enemigo y el mago. El objetivo restaura 2D8 PV por turno mientras esta transformado.', '2021-11-16', 0),
(13, 2, 8, 2, 'Traslación', 1, '', 2, 4, 1, 0, 'Inmediato', 20, 'Te teletransporta 20m hacia delante o hasta llegar a un obstáculo, y te libera de enraizados y vínculos', '2021-11-16', 0),
(14, 2, 8, 2, 'Traslación mejorada', 0, 'Conocer Traslación', 5, 4, 4, 0, 'Siempre', 0, 'Traslación ignora obstáculos', '2021-11-16', 0),
(15, 2, 8, 2, 'Contrahechizo', 3, '', 5, 1, 1, 0, 'Inmediato', 40, 'Interrumpe el lanzamiento del hechizo enemigo y evita que lance hechizos de esa escuela de magia durante 2 rondas.', '2021-11-17', 0),
(16, 2, 6, 2, 'Descarga de escarcha', 1, '', 1, 1, 3, 1, 'Inmediato', 40, 'Lanza una descarga de escarcha al objetivo que provoca 1D4 de daño y reduce la DES del obj en -1 (acumulable)', '2021-11-17', 0),
(17, 2, 6, 2, 'Nova de escarcha', 1, '', 1, 1, 1, 0, '1 Ronda', 0, 'Congela las piernas de los objetivos que esten alrededor del mago impidiendo que se muevan.', '2021-11-16', 0),
(18, 2, 6, 2, 'Bloque de hielo', 4, '', 5, 1, 1, 0, '2 Rondas', 0, 'El mago genera un bloque de hielo a su alrededor lo que aumenta su DEF en +15 y lo saca de combate durante 2 rondas. No puedes lanzar hechizos en este estado. Puedes derretir el bloque antes de tiempo como accion libre.', '2021-11-17', 0),
(19, 2, 6, 2, 'Hipotermia', 1, 'El objetivo debe sufrir efectos de estado de escarcha.', 4, 1, 1, 0, 'Inmediato', 0, 'Tu siguiente hechizo de hielo no se puede resistir.', '2021-11-16', 0),
(20, 2, 6, 2, 'Pica glacial', 3, '', 3, 1, 3, 0, 'Inmediato', 40, 'Enorme pua de hielo que provoca 3D6 de daño. Si el objetivo sufre efectos de escarcha provoca 1D6 adicional.', '2021-11-16', 0),
(21, 2, 6, 2, 'Rayo de escarcha', 2, 'Consume 1 PM extra por turno.', 7, 1, 2, 5, 'Concentración', 40, 'Canaliza un haz helado contra el enemigo que inflige 1D4 de daño por turno. Por cada turno reduce la DES del objetivo en -1. Si se canaliza hasta el final congela al enemigo durante un turno. ', '2021-11-16', 0),
(22, 2, 6, 2, 'Carámbanos', 1, 'Consume 1 de maná extra por cada carámbano.', 4, 2, 3, 1, 'Inmediato', 30, '1-5 Pedazo de hielo que inflige 1D6. Se hace una tirada de lanzamiento por cada uno.', '2021-11-15', 0),
(23, 2, 6, 2, 'Hielo fragmentado', 0, 'Conocer Lanza de hielo y Carámbanos', 7, 4, 4, 0, 'Siempre', 0, 'Lanza de hielo y Carámbanos generan fragmentos de hielo al impactar que infligen 1D4 de daño a enemigos cercanos.', '2021-11-16', 0),
(24, 2, 6, 2, 'Lanza de hielo', 5, '', 6, 1, 1, 0, 'Inmediato', 30, 'Crea una lanza de hielo que puede ser disparada rapidamente a un objetivo o usarse como arma cuerpo a cuerpo. 3D6 de daño. Si se dispara a un objetivo congelado hace 6D6 extra de daño.', '2021-11-16', 0),
(25, 2, 6, 2, 'Forma de hielo', 4, 'Conocer al menos 10 hechizos de escarcha.', 10, 1, 1, 0, 'Indeterminado', 0, 'Tu cuerpo se vuelve de hielo, tus hechizos de escarcha se tiran con ventaja. Además de aumentar tu DEF en 10 y RES MAG en 5. Eres inmune a efectos de estado. Si esta a punto de recibir daño letal se activa de forma automática sin coste. Alargar el efecto mas de 2 rondas puede tener consecuencias en el mago.', '2021-11-16', 0),
(26, 2, 7, 2, 'Bola de fuego', 1, '', 1, 1, 3, 2, 'Inmediato', 40, '1D8+2 de daño de fuego', '2021-11-17', 0),
(27, 2, 7, 2, 'Combustión', 1, '', 2, 1, 1, 0, 'Inmediato', 40, 'Quema al objetivo generando 1D6 daño de fuego y 1PV de daño de fuego durante 2 rondas.', '2021-11-15', 0),
(28, 2, 7, 2, 'Piroexplosion', 1, '', 2, 1, 3, 3, 'Inmediato', 40, '1D12+4 de daño de fuego', '2021-11-17', 0),
(29, 2, 7, 2, 'Metéoro', 1, '', 2, 3, 3, 1, '1 Ronda', 40, 'Invoca un meteorito que impacta en la ubicación seleccionada tras 1 ronda e inflige 2D4+2 de daño de fuego.', '2021-11-16', 0),
(30, 2, 7, 2, 'Cauterizar', 1, '', 3, 1, 1, 0, 'Inmediato', 0, 'Reduce el daño sufrido de un ataque a la mitad pero produce 1PV daño de quemadura por 1D4 rondas', '2021-11-17', 0),
(31, 2, 7, 2, 'Draco aliento', 10, 'Conocer al menos 10 hechizos de fuego.', 10, 1, 1, 0, 'Inmediato', 2, 'Genera una llamarada en un cono frente a ti que genera 8D4 de daño. Provoca 2D4 de daño de quemadura el proximo turno. Los enemigos quedan desorientados 2 turnos o hasta recibir daño.', '2021-11-17', 0),
(32, 2, 7, 2, 'Agostar', 1, '', 3, 1, 1, 0, 'Indeterminado', 40, 'Genera 1D6 de daño de fuego. Se tira con ventaja si el objetivo esta en llamas.', '2021-11-17', 0),
(33, 2, 7, 2, 'Avivar', 1, '', 4, 1, 1, 0, 'Inmediato', 30, 'Si el objetivo esta en llamas extiende su duración 2D4 rondas.', '2021-11-17', 0),
(34, 2, 7, 2, 'Acelerador de ignición', 1, '', 5, 1, 1, 0, 'Indeterminado', 0, 'El siguiente hechizo de fuego que lances tarda la mitad. No se aplica a instantáneos.', '2021-11-15', 0),
(35, 2, 7, 2, 'Velocidad frenética', 0, '', 6, 4, 4, 0, 'Siempre', 0, 'Despues de lanzar un hechizo instantaneo de fuego aumenta la DES en +1 durante el resto del combate hasta que sufras daño.', '2021-11-16', 0),
(36, 2, 7, 2, 'Bomba viva', 5, 'Conocer al menos 10 hechizos de fuego', 9, 1, 3, 1, '3 Rondas', 40, 'No se puede resistir. Convierte al objetivo en una bomba viva durante 3 rondas y explota generando 5D8 al objetivo y mitad los objetivos a su alrededor', '2021-11-17', 0),
(37, 4, 12, 4, 'Palabra de poder: barrera', 3, '3 Puntos de Fe', 1, 3, 3, 1, '1 Ronda', 15, 'Invoca una barrera bendita que protege a todos los aliados en la ubicación seleccionada reduciendo el daño en la mitad. El daño dentro de la barrera no interrumpe hechizos.', '2021-11-18', 0),
(38, 4, 12, 4, 'Palabra de poder: escudo', 1, '3 Puntos de Fe', 1, 2, 1, 0, '1 Ronda.', 40, 'Otorga un escudo que amortigua 1D6+MOD SAB de daño al objetivo o 1D4+MOD SAB en el área cercana al sacerdote.', '2021-11-16', 0),
(39, 4, 12, 4, 'Escarmiento', 0, '', 2, 2, 4, 0, 'Siempre', 0, 'Los escudos al consumirse explotan causando la mitad del daño amortiguado.', '2021-11-16', 0),
(40, 4, 13, 4, 'Ascensión divina', 0, '4 puntos de fé', 5, 4, 1, 1, 'Combate', 40, 'Adquieres alas espirituales que te permiten elevarte del combate y lanzar todos los hechizos de curación sagrada con ventaja. No permite lanzar ningún otro tipo de hechizos mientras sigas esta forma.', '2021-11-18', 0),
(41, 4, 13, 4, 'Círculo de sanación', 1, '5 Puntos de Fe', 10, 3, 3, 1, 'Inmediato', 40, 'Sana a los aliados cercanos en un radio de 15m del objetivo 1D12 por cada PM consumido.', '2021-11-16', 0),
(42, 4, 13, 4, 'Rezo de sanación', 1, '3 Puntos de Fe', 1, 1, 3, 2, 'Inmediato', 40, 'Cura a un objetivo 1D8+2', '2021-11-18', 0),
(43, 5, 16, 3, 'Enredos', 2, '', 2, 1, 3, 1, 'Indeterminado', 30, 'Enraiza a un objetivo durante 2D3 turnos. El daño provoca que las raices retrocedan.', '2021-11-16', 0),
(44, 5, 16, 3, 'Enredo masivo', 4, 'Conocer Enredos', 4, 1, 3, 1, 'Indeterminado', 30, 'Enraíza a un objetivo además de enraizar todo lo que esté alrededor del objetivo o del druida durante 2D6 turnos .', '2021-11-16', 0),
(45, 5, 16, 3, 'Cólera', 1, '', 1, 1, 3, 1, 'Inmediato', 40, 'Proyectil de energía natural que inflige 1D6 de daño.', '2008-10-03', 0),
(46, 5, 16, 3, 'Fuego solar', 1, 'Necesita luz solar', 1, 3, 1, 0, 'Inmediato', 40, 'Rayo celestial cargado con energia solar cae directo sobre el enemigo causando 1d6 de daño al objetivo.', '2021-11-16', 0),
(47, 5, 16, 2, 'Fuego lunar', 1, 'Necesita luz lunar', 1, 1, 1, 0, 'Inmediato', 100, 'Rayo lunar cargado con energia solar cae directo sobre el enemigo causando 1d6 de daño al objetivo.', '2021-11-16', 0),
(48, 5, 15, 3, 'Acechador', 0, 'Necesita forma feral.', 3, 4, 4, 0, 'Siempre', 0, 'Ventaja en las tiradas de subterfugio.', '2021-11-16', 0),
(49, 5, 15, 3, 'Forma salvaje', 3, '', 3, 4, 1, 0, 'Inmediato', 0, 'Cambia la forma del druida a un animal de su tamaño. Volver a su forma original no consume maná.', '2021-11-16', 0),
(50, 5, 15, 3, 'Frenesí', 2, 'Necesita forma feral', 3, 4, 1, 0, 'Inmediato', 0, 'Desatas un frenesí furioso y lanza 2 zarpazos al objetivo.', '2021-11-16', 0),
(51, 5, 15, 3, 'Triturar', 1, 'Necesita forma feral', 3, 4, 1, 0, 'Inmediato', 0, 'El siguiente ataque provoca daño maximo.', '2021-11-16', 0),
(52, 5, 17, 3, 'Alivio', 1, '', 1, 1, 1, 0, 'Indeterminado', 40, 'Cura al objetivo 2 PV durante 1D4 turnos', '2021-11-15', 0),
(53, 1, 5, 5, 'Granadas ígneas', 2, '', 1, 2, 3, 1, 'Inmediato', 40, '2 bolas de fuego vil que explotan generando 1D4 de daño c/u.', '2021-11-16', 0),
(54, 1, 1, 1, 'Invocar diablillo', 2, '1 fragmento de alma', 1, 3, 3, 3, 'Inmediato', 0, 'Invoca a un diablillo que lanza una bola de fuego de 1D4+1 a los enemigos.', '2021-11-16', 0),
(55, 1, 3, 1, 'Drenar vida', 1, '', 1, 1, 2, 3, 'Concentración', 20, 'Inflige 1D4 de daño por ronda y te restauras el daño causado.', '2023-04-30', 0),
(56, 1, 2, 1, 'Visiones', 2, '', 1, 1, 1, 0, 'Inmediato', 40, 'Provoca que el enemigo vea cosas aterradoras durante 1D6 turnos.', '2022-11-06', 0),
(57, 3, 9, 3, 'Ojo de huracán', 1, '', 1, 3, 1, 0, '2 Rondas', 0, 'En una area melee se genera un huracan que no permite a nadie entrar ni salir a menos que supere una tirada de CON +13', '2021-11-16', 0),
(58, 3, 9, 3, 'Pisoton', 1, '', 1, 3, 1, 0, 'Inmediato', 5, 'Genera un leve temblor que desestabiliza a los enemigos cercanos, si estos no superan una tirada de DES +13 tienen una tirada con desventaja', '2021-11-16', 0),
(59, 3, 11, 3, 'Chaparrón', 1, '', 1, 3, 2, 2, 'Concentración', 40, 'Canaliza una lluvia que cura 1D4 a los aliados en una area de 12 metros', '2021-11-15', 0),
(60, 3, 11, 3, 'Torrente', 1, '', 1, 1, 3, 1, 'Inmediato', 40, 'Corriente de aguas restauradoras que cura a un objetivo amistoso 2D4', '2008-10-03', 0),
(61, 1, 2, 1, 'Miedo', 1, '', 1, 1, 3, 1, '15 min', 25, 'Provoca que el enemigo huya de ti hasta que sufra daño no despreciable o pase el efecto. El coste aumenta igual a la diferencia de nivel con el objetivo.', '2022-11-06', 0),
(62, 3, 10, 3, 'Vientos furiosos', 3, '', 3, 1, 5, 0, 'Inmediato', 40, 'Tus ataques son impulsados por vientos huracanados provocando que consuman solo media accion durante las proximas 2 rondas o siguientes 4 ataques.', '2008-10-03', 0),
(63, 3, 9, 3, 'Relámpago', 1, '', 1, 1, 3, 2, 'Inmediato', 40, 'Relámpago que infligen 1D12 de daño de naturaleza', '2021-10-15', 0),
(64, 3, 9, 3, 'Criogénesis', 5, '', 5, 1, 3, 1, '2 Rondas', 40, 'Congelas al objetivo en un enorme bloque de hielo aumentando su MOD CON y DEF en 10 + LvL del conjurador', '2021-11-17', 0),
(65, 3, 9, 3, 'Ráfaga de lava', 2, '', 5, 1, 3, 1, 'Inmediato', 30, 'Arroja lava fundida contra el objetivo, lo que inflige 5 de daño. Reduce la Defensa del objetivo en -2 o -3 en caso de cuero y tela.', '2021-11-17', 0),
(66, 3, 9, 3, 'Relámpagos encadenados', 0, 'Conocer Relámpago', 3, 4, 4, 0, 'Siempre', 0, 'Por cada lanzamiento consecutivo de relámpago acumulas 1D4 de daño.', '2021-11-16', 0),
(67, 3, 10, 3, 'Terra impacto', 1, 'Un arma cuerpo a cuerpo.', 4, 1, 1, 0, 'Inmediato', 20, 'Lanza tu arma para interrumpir el lanzamiento de un hechizo y aplica daño de arma y mejoras.', '2021-11-17', 0),
(68, 3, 11, 3, 'Corriente marina', 1, '', 2, 1, 3, 1, 'Inmediato', 40, 'Corriente de agua que inflige o restaura 1D4. Si en el turno anterior lanzaste un hechizo de Recuperación distinto de Corriente marina, se lanza otra vez sin costo adicional.', '2021-11-15', 0),
(69, 3, 10, 3, 'Choque de llamas', 1, '', 1, 1, 4, 0, 'Inmediato', 40, 'Tu siguiente ataque melé inflige +3 de daño de fuego además aplica quemaduras durante 1D4 turnos.', '2008-10-03', 0),
(70, 3, 9, 3, 'Borrasca', 1, '', 2, 3, 3, 1, 'Inmediato', 40, 'Tormenta de relampagos que inflige 2D6 de daño en un area 10 metros alrededor de ti. Quedas exhausto incapaz de lazar hechizos el próximo turno.', '2008-10-03', 0),
(71, 3, 11, 3, 'Bruma reconfortante', 1, '', 2, 3, 3, 1, '2 Rondas', 30, 'Genera una bruma que oculta ligeramente a los aliados cercanos en un radio de 10 metros y curandolos 2 PV por ronda', '2021-11-15', 0),
(72, 3, 9, 3, 'Muralla pétrea', 2, '', 2, 3, 3, 1, 'Inmediato', 20, 'Muro de piedra de 2m con 13 DEF que amortigua hasta 5 PV. Puedes volver a lanzarlo para moverlo sin coste adicional. Se puede arrojar a los enemigos para infligir 1D6 en área', '2021-11-16', 0),
(73, 3, 9, 3, 'Barrera glacial', 1, '', 3, 3, 1, 0, 'Indeterminado', 20, 'Muro de hielo de 2m con 11 DEF que amortigua hasta 4 PV. Puedes volver a lanzarlo para moverlo sin coste adicional. Se puede arrojar a los enemigos para infligir 1D4 en área. Si no se reactiva una vez por turno la barrera se derrite.', '2021-11-17', 0),
(74, 3, 18, 3, 'Cambio astral', 2, 'Conexión espiritual alta', 7, 4, 5, 0, 'Inmediato', 0, 'Tu cuerpo pasa al mundo espiritual durante un parpadeo librándote de ataduras. Se puede usar en el turno enemigo duplicando el coste.', '2021-11-17', 0),
(75, 3, 9, 3, 'Ráfaga', 1, '', 1, 1, 1, 0, 'Inmediato', 2, 'Ráfaga de viento que empuja/atrae o desequilibrar un objetivo .', '2021-11-16', 0),
(76, 3, 10, 3, 'Escudo de viento', 1, 'No tener ningún otro escudo de chaman activado', 6, 4, 5, 0, '30 minutos', 0, 'Te rodeas por 3 esferas de viento que aumentan tu DES en +1 cada una. Al recibir un impacto directo consume una de las esferas para realizar un contraataque melé. ', '2021-11-17', 0),
(77, 3, 9, 3, 'Púa terranea', 4, '', 10, 1, 3, 1, '1 Ronda', 10, 'Fragmento de tierra que perfora el objetivo inflige 2D6 de daño y duplia el daño fisico o natural recibido durante 1 ronda.', '2021-11-17', 0),
(78, 3, 10, 3, 'Escudo de tierra', 3, 'Conocer al menos 3 hechizos de mejora y no tener otro escudo de chaman activo.', 4, 4, 5, 0, '30 minutos', 0, 'Te rodeas por 3 esferas de tierra que aumentan tu CON en +1 cada una. Al recibir un impacto directo consume una de las esferas para curarte 3 + MOD CON.', '2021-11-17', 0),
(79, 3, 10, 3, 'Golpe de tormenta', 2, '', 4, 4, 5, 0, 'Inmediato', 0, 'Tu siguiente ataque melé lanza un relámpago al enemigo además del daño de arma.', '2021-11-17', 0),
(80, 3, 9, 3, 'Tormenta eléctrica', 3, 'Conocer relámpago', 4, 3, 3, 2, 'Inmediato', 40, 'Invoca una tormenta eléctrica que al final de la ronda lanza un relámpago a un enemigo aleatorio. Si se usa en espacios cerrados los relámpagos se vuelen impredecibles.', '2021-11-17', 0),
(81, 3, 9, 3, 'Tormenta de relámpagos', 2, 'Una tormenta eléctrica en el campo de batalla', 5, 3, 3, 1, 'Inmediato', 100, 'Provoca que a cada enemigo dentro de la tormenta eléctrica le caiga un relámpago. ', '2021-11-17', 0),
(82, 3, 11, 3, 'Fuerza del oleaje', 2, '', 3, 1, 3, 1, 'Inmediato', 40, 'Ola que al impactar inflige 2D4 y vuelve curándote todo el daño infligido ', '2021-11-17', 0),
(83, 3, 10, 3, 'Picapiedras', 1, 'Un arma cuerpo a cuerpo sin mejoras de chamán activa.', 3, 4, 5, 0, 'Indeterminado', 0, 'Piedras filosas se incorporan a tu arma otorgando +2 al siguiente ataque melé y +2 daño adicional.', '2021-11-17', 0),
(84, 3, 11, 3, 'Maremoto', 8, 'Conocer al menos 10 hechizos de Recuperación', 10, 3, 3, 1, 'Inmediato', 40, 'Gran ola que inflige 6D4 a los enemigos y cura a los aliados 6D4', '2008-10-03', 0),
(85, 3, 18, 3, 'Visión lejana', 2, '', 3, 3, 2, 0, 'Concentración', -1, 'Mientras canalizas este hechizo puedes proyectar tu espíritu lejos de ti para inspeccionar el área. ', '2021-11-16', 0),
(86, 3, 18, 3, 'Guía', 2, '', 4, 1, 3, 3, 'Inmediato', 100, 'Intenta comunicarse con los espíritus animales del área para que te proporcionen información de la zona.', '2021-11-16', 0),
(87, 3, 10, 3, 'Impacto gelido', 2, 'Un arma cuerpo a cuerpo sin mejoras de chamán activa.', 5, 4, 5, 0, 'Indeterminado', 0, 'Los siguientes 4 ataques melé infligen +2 de daño de escarcha. Si el daño es maximo reduce la DEF del enemigo en 1.', '2021-11-17', 0),
(88, 3, 19, 3, 'Reacción totémica', 0, 'Un tótem de agua invocado', 6, 3, 4, 0, 'Siempre', 20, 'El primero de cada 4 hechizos de Recuperación que lances es conjurado otra vez por el tótem.', '2021-11-17', 0),
(90, 3, 19, 3, 'Replica', 0, 'Un tótem de tierra invocado', 4, 3, 4, 0, 'Inmediato', 0, 'Cuando conjures pisotón el tótem conjura una replica con ventaja', '2021-11-17', 0),
(91, 3, 19, 3, 'Aspiradora totémica', 2, 'Un tótem de aire invocado', 4, 3, 1, 0, 'Inmediato', 5, 'El tótem conjura un remolino que atrapa a todos los enemigo en una área que no superen un control de CON +13', '2021-11-15', 0),
(93, 1, 3, 1, 'Corrupción', 2, '', 2, 1, 3, 1, '3 Rondas', 40, 'Corrompe el interior del objetivo provocando 1D6 de daño al final de cada ronda hasta un máx. de 3.', '2021-11-18', 0),
(94, 1, 3, 1, 'Maldición de debilidad', 2, 'El objetivo no puede estar maldito', 2, 1, 1, 0, '2 Rondas', 40, 'Los ataques del objetivo se debilitan en -2.', '2021-11-17', 0),
(95, 1, 3, 1, 'Maldición de agotamiento', 3, 'El objetivo no puede estar maldito', 3, 1, 1, 0, '4 Rondas', 40, 'Reduce la DES del objetivo a la mitad.', '2021-11-16', 0),
(96, 1, 3, 1, 'Maldición de las lenguas', 3, 'El objetivo no puede estar maldito', 7, 1, 1, 0, '2 Rondas', 40, 'Obliga al objetivo a hablar en demoniaco, todos sus conjuros tardan un turno mas y los instantáneos consumen el turno entero.', '2021-11-17', 0),
(97, 1, 1, 1, 'Desterrar', 1, '', 5, 1, 3, 2, '10 Rondas', 30, 'Destierra a otra dimensión un demonio, aberración o elemental de tu nivel o inferior. Esto le impide realizar cualquier acción. El hechizo tiene un -2 por cada enemigo actualmente desterrado.', '2021-11-15', 0),
(98, 1, 3, 1, 'Agonía', 3, '', 3, 1, 1, 0, '4 Rondas', 40, 'Provocas una agonía creciente al objetivo que inflige 1D4 de daño de sombras por ronda. Cada turno agrega un dado adicional', '2023-04-30', 0),
(99, 1, 2, 1, 'Sombras parasitarias', 2, '', 2, 1, 3, 1, 'Inmediato', 40, 'Proyectil de sombras que ignora estructuras e inflige 1D8 de daño de sombras al objetivo, el siguiente hechizo de drenaje hacia ese objetivo tiene +2.', '2022-11-06', 0),
(100, 1, 3, 1, 'Dulces almas', 0, 'Conocer drenar almas', 3, 4, 4, 0, 'Siempre', 0, 'Después de hacer daño con drenar alma te curas 1+MOD SAB.', '2021-11-15', 0),
(101, 1, 4, 5, 'Descarga vil inestable', 1, '', 2, 1, 3, 1, 'Inmediato', 40, 'Proyectil de fuego vil que inflige 1D10 y siempre acierta al objetivo. El brujo tambien recibe 1D6 de daño.', '2022-11-06', 0),
(102, 1, 3, 1, 'Niebla corrupta', 3, 'Conocer corrupción.', 4, 3, 3, 2, '2 Rondas', 10, 'El brujo emana una niebla oscura durante 2 rondas. Todo el que entre en contacto con la niebla sufre los efectos de corrupción. Puedes gastar 1PM y media acción en desplazar la niebla hasta 10 metros.', '2021-11-16', 0),
(103, 1, 3, 1, 'Profanar', 3, '1 fragmento de alma', 4, 1, 1, 0, 'Inmediato', 30, 'El objetivo recibe el daño de todos los hechizos de daño por ronda que estén actuando sobre él. Dichos hechizos siguen actuando normalmente, pero consumen una ronda de duración.', '2021-11-17', 0),
(104, 1, 2, 5, 'Descarga de caos', 1, '2 fragmento de alma', 3, 1, 3, 1, 'Inmediato', 40, 'Libera una devastadora explosión de caos que inflige 2D10 de daño de todos los tipos. No se puede resistir e ignora escudos mágicos.', '2022-11-07', 0),
(105, 1, 3, 1, 'Éxtasis maléfico', 1, '1 fragmento de alma', 5, 1, 3, 1, 'Inmediato', 100, 'Tus efectos dañinos periódicos estallan en todos los objetivos, lo que inflige 1D6 de daño por cada efecto dañino en el objetivo.', '2021-11-17', 0),
(106, 1, 2, 1, 'Poder inestable', 1, '2 fragmento de alma', 5, 1, 1, 0, 'Combate', 40, 'Durante el resto del combate tus tiradas de hechizo mayores de 17 NAT se consideran critico', '2021-11-17', 0),
(107, 1, 5, 5, 'Inmolar', 1, '', 2, 1, 3, 2, 'Inmediato', 40, 'Quema al enemigo, lo que inflige 1D6 de daño de fuego inmediatamente y 2D4 extras al final de cada ronda durante 3 rondas.', '2021-11-16', 0),
(108, 1, 3, 1, 'Aflicción inestable', 3, 'Conocer al menos 10 hechizos de la escuela aflicción.', 10, 1, 3, 1, '10 Rondas', 30, 'La energía de las sombras destruye poco a poco al objetivo, causando 1D8 de daño al final de la ronda. Al final de la ronda agrega un dado adicional. Además, si se disipa el hechizo, el que lo haya disipado recibe el daño de la ronda y no puede lanzar hechizos durante 1 rondas.', '2021-11-15', 0),
(109, 3, 10, 3, 'Golpe primigenio', 3, 'Un arma cuerpo a cuerpo', 2, 4, 5, 0, 'Inmediato', 40, 'Tu próximo ataque con un arma de cuerpo a cuerpo se considera un éxito.', '2021-10-14', 0),
(110, 3, 18, 3, 'Gracia del caminaespíritus', 4, '', 9, 1, 5, 0, '3 Rondas', 0, 'Invoca la guía de los espíritus durante 3 Rondas, lo que permite moverse mientras se lanzan hechizos de chamán. Se puede lanzar al mismo tiempo que otros hechizos.', '2021-11-17', 0),
(111, 3, 9, 3, 'Escudo de relámpagos', 1, 'Conocer relámpago y no tener ningún otro escudo activado.', 3, 4, 1, 0, '30 minutos', 0, 'Cuando recibas un ataque cuerpo a cuerpo lanza 1D20. Si es mayor o igual que 17 el escudo dispara un relámpago al enemigo.', '2021-11-16', 0),
(112, 3, 10, 3, 'Arma Lengua de Fuego', 1, 'Requiere un arma cuerpo a cuerpo', 2, 4, 1, 0, 'Inmediato', 0, 'Imbuye tu arma con el elemento fuego durante 1 hora, lo que provoca que cada uno de tus ataques inflija 1 de daño de Fuego extra', '2021-11-17', 0),
(113, 3, 11, 3, 'Sanación en cadena', 5, '', 5, 1, 3, 2, 'Inmediato', 30, 'Sana 7D4+MOD SAB al objetivo amistoso y luego salta a los aliados cercanos más heridos para sanarlos. La sanación se reduce 1D4 con cada salto.', '2021-11-16', 0),
(114, 3, 9, 3, 'Cadena de relámpagos', 3, '', 5, 2, 3, 2, 'Inmediato', 40, 'Lanza una descarga de relámpagos al enemigo y salta hasta dos enemigos cercanos con la mitad de daño. El daño se calcula con un dado de ventaja por cada enemigo adicional.', '2021-11-17', 0),
(115, 3, 9, 3, 'Caminar sobre el agua', 0, 'Vial de aceite de pescado.', 6, 1, 1, 0, '10 minutos', 30, 'Permite al objetivo caminar sobre el agua.', '2021-11-15', 0),
(116, 3, 9, 3, 'Llama perpetua', 2, '', 4, 2, 3, 1, 'Inmediato', 40, 'Lanza una bola de fuego que inflige 2D6 de daño a un enemigo aleatorio y luego vuelve a ti. La próxima vez que actives lances Llama perpetua puedes usar el mismo resultado de la tirada de hechizo que en el anterior lanzamiento o volver a tirar.', '2021-10-14', 0),
(117, 3, 9, 3, 'Chispazo', 1, '', 2, 1, 3, 1, 'Inmediato', 40, 'Dispara una descarga eléctrica a un enemigo aleatorio que inflige 1D8', '2021-10-14', 0),
(118, 3, 9, 3, 'Chisporroteo', 2, '', 2, 1, 3, 1, 'Inmediato', 40, 'Descarga eléctrica a un enemigo que inflige 1D6+3 de daño natural.', '2021-11-17', 0),
(119, 6, 21, 2, 'Marca del cazador', 1, 'Solo se puede aplicar una Marca del cazador a la vez', 3, 1, 1, 0, '24 horas', 60, 'Aplica una marca magica al objetivo, lo que hace que el cazador puede ver siempre al objetivo y rastrearlo en caso de que salga del rango. Lanzar este hechizo no rompe el sigilo.', '2021-11-16', 0),
(120, 6, 21, 2, 'Disparo Arcano', 1, 'Requiere Arma a distancia', 3, 1, 1, 0, 'Inmediato', 40, 'Un fugaz disparo de energia arcana que inflige 1D6 de daño', '2021-11-15', 0),
(121, 6, 20, 3, 'Ojos de la bestia', 1, 'Requiere una mascota', 3, 1, 3, 2, 'Inmediato', -1, 'Ves a través de los ojos de tu mascota durante 1 min.', '2021-11-16', 0),
(122, 6, 22, 2, 'Trampa congelante', 2, 'Trampa de acero', 3, 1, 1, 0, '5 Rondas', 20, 'Lanza una trampa de Escarcha que congela al primer enemigo que se acerque durante 1 ronda. El daño anulará el efecto.', '2021-11-16', 0),
(123, 6, 20, 3, 'Aspecto del guepardo', 3, '', 3, 1, 5, 0, '2 Rondas', 0, 'El turno que se activa suma tu MOD DES dos veces y tienes +1 en MOD DES en las proximas 2 rondas', '2021-11-15', 0),
(124, 1, 2, 1, 'Ritual de invocación', 5, '1 fragmento de alma, 2 aliados y no pueden estar en combate ni moverse durante todo el ritual.', 4, 1, 3, 5, 'Inmediato', -1, 'Da comienzo a un ritual que invoca al objetivo desde cualquier parte del mundo siempre que el objetivo lo permita.', '2021-11-16', 0),
(125, 1, 1, 1, 'Cause de salud', 1, '', 2, 1, 1, 0, 'Inmediato', -1, 'Sacrifica un número de PV para sanar a tu demonio el doble de PV..', '2021-11-17', 0),
(126, 1, 1, 1, 'Invocar corcel vil', 0, '', 4, 1, 3, 2, 'Inmediato', 0, 'Invoca a un corcel infernal que sirve como montura.', '2021-11-17', 0),
(127, 1, 1, 1, 'Invocar abisario', 2, '1 fragmento de alma', 3, 3, 3, 3, 'Inmediato', 0, 'Invoca a un abisario que protege al brujo.', '2021-11-17', 0),
(128, 1, 1, 1, 'Invocar súcubo', 3, '1 fragmento de alma', 6, 3, 3, 3, 'Inmediato', 0, 'Invoca a un súcubo que lucha junto con el brujo.', '2021-11-17', 0),
(129, 1, 1, 1, 'Invocar manáfago', 4, '1 fragmento de alma', 8, 3, 3, 3, 'Inmediato', 0, 'Invoca a un manáfago que lucha junto con el brujo.', '2021-11-17', 0),
(130, 1, 2, 1, 'Furia de las sombras', 2, '1 Fragmento de alma', 8, 3, 3, 1, '1 Ronda', 35, 'Aturde a todos los enemigos en un area de 10 metros.', '2022-11-06', 0),
(131, 1, 2, 1, 'Crear piedra de alma', 5, '1 Fragmento de alma, 100mo en componentes rituales, una piedra infernal, figurilla demoniaca y el po', 7, 1, 2, 0, '30 minutos', 0, 'Ritual para crear una piedra de alma que se vincula a su portador. Si sus PV caen a 0 y su cuerpo no fue destruido la piedra se activa restaurando la mitad de sus PV y PM.', '2021-11-17', 0),
(132, 1, 4, 5, 'Pozo de almas', 3, 'Fragmenos de alma', 7, 3, 3, 7, '10 minutos', 15, 'Invoca un pozo diabolico en el que los aliados pueden ofrecer gemas de almas para conseguir piedras de salud. El conjuro toma un turno menos por cada aliado que ayude.', '2021-11-17', 0),
(133, 1, 3, 1, 'Parasitar alma', 2, 'Sacrificar 3 PV', 5, 1, 1, 0, 'Combate', 30, 'Cuando el objetivo reciba daño de ti o tu demonio genera un escudo sombrio para ti y tu mascota que protege durante la proxima ronda la mitad del daño generado. Se redondea para abajo y no se a aplica daño en area.', '2021-11-17', 0),
(134, 1, 1, 1, 'Subyugar demonio', 1, '', 5, 1, 3, 3, '5 minutos.', 30, 'Subyuga a un demonio de nivel inferior y lo obliga a obedecer tus órdenes. Por cada nivel inferior al demonio tienes un penalizador de -1 en el lanzamiento del hehcizo.', '2021-11-17', 0),
(135, 1, 1, 1, 'Dominación vil', 0, '', 4, 4, 4, 0, 'Inmediato', 0, 'Puedes consumir 2 fragmentos de alma adicionales para que tus invocaciones demoniacas se lancen en un turno sin coste adicional.', '2022-11-07', 0),
(136, 1, 1, 1, 'Resolución inagotable', 2, '', 6, 4, 1, 0, '2 Rondas', 0, 'Endurece tu piel, lo que reduce todo el daño fisico recibido se tira con desventaja y te otorga inmunidad a los efectos de interrupción. Usar este efecto mas de una vez al día puede provocar mutaciones y efectos secundarios.', '2021-11-17', 0),
(137, 1, 1, 1, 'Portal demoníaco', 7, '', 10, 4, 3, 2, 'Indeterminado', 40, 'Crea un portal demoníaco entre dos ubicaciones. Activar el portal transporta al usuario al otro portal. Cada jugador puede utilizar un portal demoníaco solo una vez cada 5 min.', '2021-11-17', 0),
(138, 1, 1, 1, 'Círculo demoníaco', 2, '', 9, 4, 1, 0, '15 Minutos', -1, 'Invoca un círculo demoníaco para teletransportarte a su ubicación por 2PM y eliminar todos los efectos de ralentización del movimiento.', '2021-11-17', 0),
(139, 3, 9, 3, 'Elemental de Tierra', 3, 'Tierra elemental.', 8, 3, 3, 1, '10 minutos', 40, 'Invoca un elemental de tierra superior para protegeros a ti y a tus aliados durante 10 minutos.', '2021-11-17', 0),
(140, 3, 11, 1, 'Oleada primigenia', 7, '', 9, 1, 3, 2, 'Inmediato', 100, 'Una oleada de sombras que provoca 5D4 puntos de daño de sombras o cura a un aliado 5D4 PV. El próximo hechizo que lances tambien golpeara/curara a este objetivo causando el doble de daño/cura.\n', '2021-11-17', 0),
(141, 3, 18, 3, 'Gracia del caminaespíritus', 4, '', 9, 1, 5, 0, '3 Rondas', 0, 'Invoca la guía de los espíritus durante 3 Rondas, lo que permite moverse mientras se lanzan hechizos de chamán. Se puede lanzar al mismo tiempo que otros hechizos.', '2021-11-17', 0),
(142, 3, 18, 3, 'Regreso astral', 4, '', 7, 1, 3, 10, 'Inmediato', -1, 'El Vacío Abisal te absorbe y te devuelve a tu hogar.', '2021-11-17', 0),
(143, 3, 11, 3, 'Purgar', 2, '', 8, 1, 1, 0, 'Inmediato', 30, 'Purga al objetivo enemigo, lo que elimina 1 efecto mágico beneficioso.', '2021-11-17', 0),
(144, 3, 9, 3, 'Transfusión de sílfide', 7, '', 8, 3, 3, 1, 'Inmediato', 100, 'Transfiere la fuerza vital de un máximo de 4 enemigos del área seleccionada e inflige 5D4 de daño natural. Puedes lanzar el hechizo en menos de 2 Rondas para liberar la energia y curar a tus aliados la mitad del daño causado en un area de 20m.', '2021-11-17', 0),
(145, 3, 9, 3, 'Maleficio', 2, '', 7, 3, 3, 2, '5 minutos', 30, 'Transforma al enemigo en una rana durante 5 minutos. Mientras está embrujada, la víctima queda incapacitada y no puede atacar ni lanzar hechizos. El daño puede cancelar el efecto. Limitado a 1. Solo funciona con humanoides y bestias.', '2021-11-17', 0),
(146, 2, 8, 2, 'Crear portal', 3, 'Licencia D-6 y una runa de portales.', 5, 3, 3, 10, '15 minutos.', -1, 'Permite crear un portal a cualquier lugar que el mago tenga permiso de viajar. El portal se mantiene 15 mins o hasta que el mago lo atraviesa.', '2021-11-17', 0),
(147, 2, 8, 2, 'Caida lenta', 1, 'Pluma', 2, 1, 1, 0, '1 min.', 40, 'Reduce la caida de un miembro del grupo durante 1 min.', '2021-11-17', 0),
(148, 2, 8, 2, 'Ilusión', 1, 'Imagen de referencia', 2, 4, 1, 0, '5 minutos.', 0, 'Permite al mago transformarse en otra persona durante 5 minutos.', '2021-11-17', 0),
(149, 2, 7, 2, 'Explosión de Fuego', 1, '', 1, 1, 1, 0, 'Inmediato', 40, 'Golpea a un enemigo con 1D4 de daño de fuego.', '2021-11-17', 0),
(150, 4, 14, 1, 'Alarido psíquico', 2, '', 2, 3, 1, 0, '5 Rondas', 10, 'Lanza un alarido psíquico que hace que hasta 5 enemigos en un radio de 8 m huyan despavoridos y queden desorientados durante 5 Rondas. El daño puede interrumpir el efecto.', '2021-11-18', 0),
(151, 4, 14, 1, 'Calma mental', 1, '', 8, 1, 1, 0, '10 Rondas.', 40, 'Amansa al objetivo para que no ataque mientras no sufra daño o se invada su espacio vital. Solo afecta a objetivos humanoides y dragonantes.', '2021-11-18', 0),
(152, 4, 14, 1, 'Control mental', 2, '', 7, 1, 3, 2, '5 minutos.', 30, 'Controla la mente de un objetivo hasta un nivel superior a ti. No funciona contra objetivos demoníacos, no-muertos o mecánicos.', '2021-11-18', 0),
(153, 4, 14, 1, 'Desvanecerse', 1, '', 2, 1, 3, 2, '5 minutos.', 0, 'Te desvaneces parcialmente, los enemigos tienen un alcance de ataque reducido en 10 metros y no pueden seleccionarte como objetivo de ataques si no superan un conotrol de Alerta 12+Diferencia de nivel.', '2021-11-18', 0),
(154, 4, 13, 4, 'Disipación en masa', 3, '5 Puntos de Fe', 9, 3, 3, 2, 'Inmediato', 15, 'Elimina la magia en un radio de 15 m., suprimiendo 1 hechizos dañinos de cada objetivo amistoso y 1 hechizos beneficiosos de cada objetivo enemigo. Este efecto de disipación es capaz de suprimir efectos de la magia que habitualmente no pueden ser suprimidos ademas de ilusiones.', '2021-11-18', 0),
(155, 4, 13, 4, 'Disipar magia', 2, '3 Puntos de Fe', 5, 1, 1, 1, 'Inmediato', 30, 'Elimina 1 efecto mágico beneficioso del objetivo enemigo.', '2021-11-18', 0),
(156, 4, 13, 4, 'Encadenar no-muerto', 2, '3 Puntos de Fe', 6, 1, 3, 1, '5 minutos', 30, 'Encadena al enemigo no-muerto objetivo lo que evita toda acción o movimiento. El daño cancelará el efecto. Por cada enemigo atrapado o nivel de diferenca el hechizo tiene un penalizador de -1.', '2021-11-18', 0),
(157, 4, 14, 1, 'Explosión mental', 1, '', 2, 1, 3, 1, 'Inmediato', 40, 'Golpea la mente del objetivo y le inflige 1D6 p. de daño de las Sombras. Provoca una tirada de cordura +11.', '2023-05-29', 0),
(158, 4, 13, 4, 'Levitar', 1, '2 Punto de Fe', 4, 1, 1, 0, '10 minutos', 30, 'Hace levitar al objetivo, que flota unos cuantos metros por encima del suelo, lo que otorga una caída lenta y permite desplazarse sobre el agua. Cualquier daño recibido anulará su efecto.', '2023-05-27', 0),
(159, 4, 14, 1, 'Palabra de las Sombras: dolor', 2, '', 2, 1, 1, 0, '2 Rondas', 40, 'Una palabra de la oscuridad que inflige 1D4 p. de daño de las Sombras instantáneamente y 1D6 p. de daño de las Sombras extras durante 2 Rondas.', '2021-11-18', 0),
(160, 4, 14, 1, 'Palabra de las Sombras: muerte', 4, '', 3, 1, 1, 0, 'Inmediato', 30, 'Una palabra de oscuridad que inflige de 4D6 p. de daño de las Sombras al objetivo. Si el objetivo no muere a causa de Palabra de las Sombras: muerte, el taumaturgo recibe daño equivalente a la cantidad de daño infligida a su objetivo.', '2021-11-18', 0),
(161, 4, 12, 4, 'Palabra de poder: entereza', 1, 'Vela sagrada y 3 Puntos de Fe', 2, 1, 1, 0, '1 hora', 40, 'Imbuye de vitalidad al objetivo, lo que aumenta su vida máxima 1DA/2 durante 1 hora. La cantidad de DA es igual al nivel del sacerdote/2', '2021-11-18', 0),
(162, 4, 13, 4, 'Punición', 1, '2 Puntos de Fe', 1, 1, 3, 1, 'Inmediato', 40, 'Golpea a un enemigo, lo que le inflige 1D6 p. de daño Sagrado', '2021-11-18', 0),
(163, 4, 13, 4, 'Rezo desesperado', 2, '4 Puntos de Fe', 3, 1, 1, 0, 'Inmediato', 40, 'Aumenta la salud máxima igual al número máx del DA del objetivo durante 10 Rondas y lo sana al instante esa cantidad. El número de DA aumenta en uno por cada dos niveles del sacerdote. No es acumulable.', '2021-11-18', 0),
(164, 4, 13, 4, 'Resurrección', 8, '5 Puntos de Fe. Simbolo religioso y objeto que represente  la muerte del objetivo.', 10, 1, 3, 10, 'Inmediato', 40, 'Devuelve a un aliado muerto a la vida curandolo de enfermedades, venenos y restaurando su cuerpo al completo con la mitad de salud y de maná. No se puede lanzar mientras estás en combate. Todas las tiradas del objetivo tendran un penalizador de -7 que disminuira en 1 por cada dia de descanso.', '2021-11-18', 0),
(165, 4, 13, 4, 'Salto de fe', 3, '4 Puntos de Fe.', 9, 1, 1, 0, 'Inmediato', 50, 'Atraes al espíritu de un miembro del grupo para situarlo justo delante de ti.', '2021-11-18', 0),
(166, 4, 13, 4, 'Sanación relámpago', 2, '3 Puntos de Fe', 1, 1, 1, 0, 'Inmediato', 40, 'Cura a un objetivo 4 PV por cada 2PM consumido.', '2021-11-18', 0),
(167, 4, 14, 1, 'Visión mental', 2, '3 Puntos de Fe', 5, 1, 2, 0, 'Concentración', 100, 'Permite al taumaturgo ver a través de los ojos del objetivo. No funciona si el objetivo está en otro continente.', '2021-11-18', 0),
(168, 4, 13, 4, 'Nova Sagrada', 5, '3 Puntos de Fe', 6, 3, 3, 1, 'Inmediato', 15, 'Una explosión de luz sagrada a tu alrededor inflige de  5D6 p. de daño Sagrado a los enemigos y sana a los aliados la misma cantidad.', '2021-11-18', 0),
(169, 4, 13, 4, 'Palabra sagrada: condena', 3, '3 Puntos de Fe', 5, 1, 3, 1, 'Inmediato', 30, 'Condena al enemigo, lo que le inflige 3D6 p. de daño Sagrado y lo aturde durante 2 Rondas.', '2021-11-18', 0),
(170, 4, 13, 4, 'Rezo de recuperación', 2, '3 Puntos de Fe', 3, 1, 3, 3, 'Inmediato', 40, 'Cura a un objetivo 2D12+5', '2021-11-18', 0),
(171, 4, 13, 4, 'Renovar', 2, '3 Puntos de Fe', 2, 1, 1, 0, 'Inmediato', 40, 'Cura a un objetivo 2D4', '2021-11-18', 0),
(172, 4, 13, 4, 'Apoteosis', 0, '5 puntos de fé', 10, 4, 1, 1, '10 Rondas', 0, 'Entras en una forma Sagrada pura durante lo que duplica la potencia de tus hechizos sagrados y reduce sus costes a cero.', '2021-11-18', 0),
(173, 4, 12, 4, 'Palabra de poder: radiancia', 5, '4 puntos de fé', 5, 4, 3, 2, 'Inmediato', 40, 'Una ráfaga de Luz sana 5D8 PV al objetivo y a 4 aliados heridos en un radio de 30 m', '2021-11-18', 0),
(174, 4, 12, 4, 'Palabra sagrada: serenidad', 3, '5 puntos de fé', 4, 4, 1, 0, 'Inmediato', 40, 'Realiza un milagro y sana 4D12 PV a un aliado.', '2021-11-18', 0),
(175, 4, 12, 4, 'Penitencia', 2, '4 Puntos de Fe', 4, 1, 2, 3, 'Indeterminado', 40, 'Lanza una salva de luz Sagrada al objetivo, lo que inflige/sana 2D12 PV por turno.', '2021-11-18', 0),
(176, 4, 12, 4, 'Sanación conjunta', 1, '2 Puntos de Fe', 3, 1, 3, 1, 'Inmediato', 40, 'Sana a un objetivo y un enemigo aleatorio 2D8 PV', '2021-11-18', 0),
(177, 3, 24, 3, 'Bruma putrefacta', 1, '', 2, 3, 3, 1, '2 Rondas', 30, 'Genera una bruma que oscurece y envenena el aire en un radio de 10 metros y provocando 2 PV de daño por ronda', '2022-11-06', 0),
(178, 1, 4, 5, 'Ruleta vil', 2, '', 5, 2, 3, 1, 'Inmediato', 25, 'Dispara 10 proyectiles de fuego vil que provocan 1 PV de daño. El daño se reparte aleatoria mente entre los enemigos lanzando 1D10 para cada uno hasta que se repartan los 10. Si no quedan más enemigos en rango el exceso de daño lo recibe el brujo.', '2022-11-06', 0),
(179, 3, 9, 3, 'Lavacera', 4, '', 5, 2, 3, 1, 'Inmediato', 25, 'Dispara 12 proyectiles de fuego que provocan 1 PV de daño. El daño se reparte aleatoria mente entre los enemigos lanzando 1D12 para cada uno hasta que se repartan los 12.', '2022-11-07', 0),
(180, 3, 24, 3, 'Corriente toxica', 1, '', 2, 1, 3, 1, 'Inmediato', 40, 'Corriente de agua contaminada que inflige 1D4. Si en el turno anterior lanzaste un hechizo de Putrefacción distinto de Corriente toxica, se lanza otra vez sin costo adicional.', '2022-11-07', 0),
(181, 3, 24, 3, 'Daño en cadena', 5, '', 5, 1, 3, 2, 'Inmediato', 30, 'Provoca 7D4+MOD SAB de daño al objetivo y luego salta a los enemigos cercanos más heridos. El daño se reduce 1D4 con cada salto.', '2022-11-07', 0),
(182, 3, 24, 3, 'Torrente toxico', 1, '', 1, 1, 3, 1, 'Inmediato', 40, 'Corriente de aguas toxicas que provocan 2D4 PV de daño', '2022-11-07', 0),
(183, 3, 24, 3, 'Fuerza del oleaje', 2, '', 3, 1, 3, 1, 'Inmediato', 40, 'Ola que al impactar inflige 2D4 al enemigo y a su aliado más cercano.', '2022-11-07', 0),
(184, 3, 24, 3, 'Chaparrón ácido', 1, '', 1, 3, 2, 2, 'Concentración', 40, 'Canaliza una lluvia que provoca 2D4 de daño a todos en una área de 12 metros', '2022-11-07', 0),
(185, 3, 24, 3, 'Maremoto ponzoñoso', 8, 'Conocer al menos 10 hechizos de Putrefacción', 10, 3, 3, 1, 'Inmediato', 40, 'Gran ola de agua contaminada que inflige 12D4 a todo los objetivos frente al chamán.', '2022-11-07', 0),
(186, 3, 18, 1, 'Espíritu feral', 4, '', 7, 3, 1, 10, 'Inmediato', 30, 'Dos espíritus de lobos aparecen para ayudarte durante 10 rondas. Puedes volver a lanzar el hechizo como acción libre para mantener los lobos 10 rondas más.', '2022-11-07', 0),
(187, 3, 24, 1, 'Espíritu encadenado', 4, '2 Fragmentos de alma', 5, 3, 1, 0, 'Inmediato', 30, 'Fuerzas la aparición de dos espíritus de lobo encadenados a tu voluntad hasta que no tengas PM o el chaman quede incapacitado.', '2022-11-07', 0),
(188, 3, 24, 1, 'Asfixia', 4, 'El objetivo no puede ser de nivel superior en 2 o más niveles.', 5, 1, 2, 0, 'Concentración', 25, 'Saturas las vías respiratorias del objetivo con aire venenoso provocando que no pueda defenderse del próximo ataque. Genera 2D4 de daño por turno. Mantener la concentración cuesta 2 PM por turno.', '2022-11-07', 0),
(189, 3, 9, 3, 'Bola de nieve', 2, '', 4, 1, 3, 1, 'Indeterminado', 40, 'Lanza una bola de nieve que provoca 3D4 de daño natural. Puedes alargar el tiempo de conjuración de este hechizo para que la bola crezca, agregando +1 a la tirada de hechizo y 2D4 de daño por cada turno adicional.', '2022-11-07', 0),
(190, 3, 10, 3, 'Mordisco gélido', 2, 'Requiere un arma cuerpo a cuerpo', 4, 4, 5, 0, 'Indeterminado', 0, 'Imbuye tu arma con el poder del hielo. Tu siguiente ataque exitoso consume 2 PM del oponente.', '2022-11-07', 0),
(191, 3, 11, 3, 'Frío defensor', 3, '', 4, 1, 3, 1, 'Inmediato', 0, 'Una brisa helada cura a un objetivo 2D4 PV y aumenta su DEF para el próximo ATQ en 1D4 hasta la siguiente ronda.', '2022-11-07', 0),
(192, 3, 9, 3, 'Helar', 2, '', 3, 1, 1, 1, 'Inmediato', 0, 'Una brisa helada que reduce la FUE del objetivo en -2 y aumenta su CON en +2', '2022-11-07', 0),
(193, 1, 2, 1, 'Descarga de sombras', 1, '', 1, 1, 3, 1, 'Inmediato', 40, 'Proyectil de sombras que ignora estructuras e inflige 1D6.', '2022-11-07', 0),
(194, 1, 1, 1, 'Asalto demoníaco', 3, '', 3, 1, 3, 1, 'Inmediato', 40, 'Rayo de sombras que genera 2D8 de daño de sombras y otorga un +2 al próximo ataque de tu demonio.', '2022-11-07', 0),
(195, 1, 3, 1, 'Espiral mortal', 5, '', 8, 1, 1, 1, 'Inmediato', 20, 'Aterroriza a un objetivo enemigo que huye despavorido y lo incapacita durante 3 minutos. Te sana un 1 PV por nivel.', '2022-11-07', 0),
(196, 1, 5, 1, 'Combustible inestable', 1, '', 3, 4, 1, 0, 'Indeterminado', 0, 'Tu siguiente hechizo tiene +2. Pierdes 1PV por cada nivel del hechizo.', '2022-11-07', 0),
(197, 1, 2, 1, 'Pacto oscuro', 5, 'El objetivo no puede ser de nivel superior.', 8, 1, 3, 3, 'Inmediato', 40, 'Tanto el conjurador como el objetivo pierden la mitad de sus PV.', '2022-11-07', 0),
(198, 1, 1, 1, 'Chillido', 2, '', 3, 2, 1, 0, 'Inmediato', 10, 'Emite un chillido horripilante frente a ti que resta -2 a la próxima defensa o ataque de los objetivos afectados.', '2022-11-07', 0),
(199, 1, 1, 1, 'Posesión oscura', 2, '', 6, 1, 3, 1, '2 Rondas', 30, 'Lanza un alma demoniaca sedienta de sangre que penetra y posee el cuerpo del objetivo generando 1D8 de daño. El poseido gana +2 ATQ -2 DEF.', '2022-11-07', 0),
(200, 1, 1, 1, 'Círculo maligno', 2, '', 4, 2, 3, 2, '1 Ronda', 20, 'Genera temportalmente un portal al vacío abisal por el que varios diablillos atrapan hasta dos objetivos si no superan un control de DES, FUE o CON +13. Los objetivos atrapados tienen un penalizador de -2 DEF. Si consumes un fragmento de alma puedes considerar este hechizo una invocación de diablillo.', '2022-11-07', 0),
(201, 1, 2, 1, 'Toque de los Nathrezim', 4, '', 5, 1, 1, 0, '1 Ronda', 3, 'Absorbes 2D8 PV del objetivo y generas un fragmento de alma.', '2022-11-07', 0),
(202, 1, 1, 1, 'V de Vampiro', 2, 'Requiere haber recibido daño de un enemigo en esta ronda o la anterior.', 3, 1, 5, 0, 'Inmediato', 0, 'Tu siguiente hechizo al enemigo que te haya herido tiene +2 y cura el daño realizado.', '2022-11-07', 0),
(203, 1, 4, 5, 'Aliento vil', 2, 'Un trago de bebida inflamable', 3, 1, 3, 0, 'Inmediato', 10, 'Escupes un chorro de fuego vil que quema al objetivo generando 1D12+2 de daño y 1D4+2 al brujo. No se puede defender de forma no mágica si se lanza cuerpo a cuerpo.', '2022-11-07', 0),
(204, 1, 3, 1, 'Maldición de fatalidad', 3, 'El objetivo no puede estar maldito', 5, 1, 1, 0, '4 Rondas', 40, 'Siempre que el objetivo fracase una tirada recibe 1D8 de daño.', '2022-11-07', 0),
(205, 1, 25, 1, 'Último aliento', 1, 'Un cuerpo humanoide muerto al menos en las últimas 2 rondas de nivel no superior al brujo. Conocimientos de necromancia. 1 Fragmento de alma.', 5, 1, 3, 0, 'Inmediato', 40, 'Levanta un cuerpo sin vida como tu aliado para que haga una última carga contra un objetivo de tu elección.', '2022-11-07', 0),
(206, 1, 5, 1, 'Llamas infernales', 2, '', 3, 3, 3, 1, 'Inmediato', 10, 'Generas una ola de fuego que genera 2D6 de daño a ti y todos alrededor. El resto reciben 1D8 de daño adicional.', '2022-11-07', 0),
(207, 1, 3, 1, 'Drenar alma', 2, '', 3, 1, 2, 5, 'Concentración', 30, 'Drena el alma del objetivo, provocando 1D4 de daño por turno. Cada dos turnos, capturas 1 Fragmento de Alma en una gema. Si el objetivo muere, obtienes  2.', '2022-11-09', 0),
(208, 7, 26, 1, 'Golpe siniestro', 1, '', 3, 1, 5, 0, 'Siguiente Ataque', 0, 'Imbuye tu arma con energía de las sombras, tu siguiente Ataque inflige 1D4+1 y\notorga 1 PC adicional.', '2023-05-28', 0),
(209, 7, 26, 1, 'Embozo de Sombras', 6, '', 10, 1, 5, 0, '15 segundos', 30, 'Extiende un manto que envuelve en las sombras a los miembros del grupo en un radio de 30 m, lo que proporciona sigilo.', '2023-05-28', 0),
(210, 7, 26, 1, 'Capa de las Sombras', 5, '', 10, 1, 5, 0, '5 segundos', 0, 'Proporciona un momento de inmunidad a la magia, lo que elimina al instante todos los efectos de hechizos dañinos. La capa perdura, lo que provoca que resistas los hechizos dañinos durante 3 turnos.', '2023-05-28', 0),
(211, 7, 26, 1, 'Hojas de las Sombras', 4, '', 9, 1, 5, 0, '2 rondas', 0, 'Te vales de las sombras circundantes para potenciar tus armas, lo que provoca que tus facultades que generan Puntos de Combo otorguen 1 PC adicional e inflijan 50% de daño extra como daño de las sombras durante 2 rondas', '2023-05-28', 0),
(212, 7, 26, 1, 'Duelo sombrío', 4, '', 8, 1, 5, 0, '1 ronda', 5, 'Fijas a tu objetivo en un duelo en las sombras, lo que os elimina a ambos de la vista de los presentes durante 1 ronda.', '2023-05-28', 0),
(213, 7, 26, 1, 'Esfumarse', 3, '', 5, 1, 5, 0, '3 turnos', 0, 'Te esfumas y entras en sigilo aunque estés en combate. Durante los primeros 3 turnos tras esfumarte, recibir daño no romperán el sigilo. También elimina los efectos de reducción de movimiento.', '2023-05-28', 0),
(214, 7, 26, 1, 'Hoja de la penumbra', 2, '', 3, 1, 5, 0, 'Siguiente Ataque', 0, 'Tu arma queda imbuida de sombras y tu siguiente Ataque ignora la armadura del objetivo, ademas le infliges 1D6 daño de las Sombras adicional.', '2023-05-28', 0),
(215, 7, 26, 1, 'Golpe fantasmal', 2, '', 3, 1, 3, 1, '3 rondas', 2, 'Golpea a un enemigo con una ráfaga de sombras, lo que inflige 1D6 y provoca que el objetivo reciba un 2 puntos más de daño de tus facultades durante 3 rondas.', '2023-05-28', 0),
(216, 7, 26, 1, 'Embate de las Sombras', 2, '', 4, 1, 5, 1, 'Siguiente Ataque', 25, 'Tu siguiente Ataque tiene un +2 y duplica el daño realizado.\n\nSi estas en sigilo apareces hasta 25m detrás de tu objetivo.', '2023-05-28', 0),
(217, 4, 14, 1, 'Descarga del Vacío', 2, 'Forma de las sombras activada', 5, 1, 3, 1, 'Inmediato', 40, 'Lanza una descarga de pura energía del Vacío contra el enemigo, lo que inflige 3D6 de daño de las Sombras por cada 2PM consumido.', '2023-05-29', 0),
(218, 4, 13, 4, 'Custodia de miedo', 1, '3 Puntos de Fe', 4, 1, 1, 1, '10 min', 40, 'Protege al objetivo amistoso del miedo. El siguiente efecto de miedo usado contra el objetivo fallará y consumirá la protección.', '2023-05-29', 0),
(219, 4, 12, 4, 'Rezo de entereza', 1, 'Vela sagrada y 4 Puntos de Fe', 2, 1, 1, 0, '1 hora', 40, 'Imbuye de vitalidad de todos en un rango de 40m del objetivo, lo que aumenta su vida máxima 1DA/2 durante 1 hora. La cantidad de DA es igual al nivel del sacerdote/2', '2023-05-29', 0),
(220, 4, 14, 1, 'Peste devoradora', 6, 'Adorar a una deidad mortuoria y 4 Puntos de Fe.', 10, 1, 1, 0, '10 rondas', 20, 'Provoca en el objetivo una enfermedad que causa 1D6 p. de daño de las Sombras por ronda durante 10 rondas. El daño causado por la Peste devoradora cura al taumaturgo', '2023-05-29', 0),
(221, 4, 13, 2, 'Fragmentos estelares', 4, '3 Puntos de Fe y adorar a una deidad lunar.', 7, 1, 2, 0, '10 rondas', 30, 'Lanza una lluvia de Fragmentos estelares sobre la cabeza del enemigo objetivo causando 1D6+1 p. de daño Arcano por ronda hasta 6 rondas', '2023-05-29', 0),
(222, 4, 14, 1, 'Manto del vacío', 2, 'Forma de las sombras activa', 4, 4, 1, 0, '2 rondas', 0, 'El sacerdote se rodea de energía oscuras. Al acertar un hechizo sobre el sacerdote, el atacante pierde la mitad de PM que cueste dicho hechizo. Dura 2 rondas. Fuerza una Control de Corrupción adicional esta ronda.', '2023-05-29', 0),
(223, 4, 12, 4, 'Palabra de poder: Espíritu', 1, 'Vela sagrada y 3 Puntos de Fe', 1, 1, 1, 0, '2 horas', 40, 'Alivia el espíritu al objetivo. Si en las 2 horas siguientes el objetivo realiza un descanso corto lanza su DA con ventaja además de recuperar PM adicionales igual a su MOD INT (min 1)', '2023-05-29', 0),
(224, 4, 12, 4, 'Rezo de Espíritu', 1, 'Vela sagrada y 4 Puntos de Fe', 1, 1, 1, 0, '2 horas', 20, 'Alivia el espíritu al a todos los objetivo en un radio de 20m. Si en las 2 horas siguientes los objetivos realizan un descanso corto lanzan su DA con ventaja además de recuperar PM adicionales igual a su MOD INT (min 1)', '2023-05-29', 0);

INSERT INTO HECHIZOS (ID, ID_CLASE, ID_FAMILIA, ID_ESCUELA, NOMBRE, COSTE, REQUISITO, LVL, ID_OBJETIVO, ID_TIPO, NUM_TIPO, DURACION, ALCANCE, EFECTO, FECHA_MODIFICACION, LEGENDARIO) VALUES
(225, 4, 13, 4, 'Curar enfermedad', 2, '2 Puntos de Fe', 2, 1, 1, 0, 'Inmediato', 30, 'Cura inmediatamente una enfermedad mientras su dificultad de Supervivencia sea inferior a Nivel del sacerdote+MOD SAB+10', '2023-05-29', 0),
(226, 4, 13, 4, 'Tratar enfermedad', 1, '1 Puntos de Fe', 2, 1, 3, 1, 'Inmediato', 5, 'Una vez al día puedes lanzar 1D20+MOD SAB+Supervivencia del objetivo para superar la dificultad de la enfermedad y curar al objetivo.', '2023-05-29', 0),
(227, 4, 13, 4, 'Curación inferior', 1, '1 Puntos de Fe', 1, 1, 3, 3, 'Inmediato', 30, 'Cura a un objetivo 2D6+1D4 por cada PM consumido', '2023-05-29', 0),
(228, 4, 13, 4, 'Curación superior', 1, '3 Puntos de Fe', 8, 2, 3, 3, 'Inmediato', 30, 'Cura a un objetivo 2D8+1D6 por cada PM consumido', '2023-05-29', 0),
(229, 4, 13, 4, 'Gracia de Elune', 3, '3 Puntos de Fe y adorar una deidad lunar.', 6, 1, 1, 3, ' 2 rondas', 30, 'Aumenta en 2 la DEF del objetivo y el daño por proyectiles que vaya a recibir se lanza con desventaja. Dura 2 rondas. Solo puede otorgarse a un objetivo a menos que sea luna llena.', '2023-05-29', 0),
(230, 4, 13, 4, 'Rezo de curación', 1, '5 Puntos de Fe', 10, 2, 3, 3, 'Inmediato', 30, 'Una potente plegaria que cura a todos los aliados en un radio de 30m 3D8 por cada PM consumido', '2023-05-29', 0),
(231, 4, 14, 1, 'Toque de debilidad', 1, 'Adorar a una deidad mortuoria y 3 Puntos de Fe.', 2, 4, 1, 3, '2 min', 30, 'El próximo ataque cuerpo a cuerpo contra el taumaturgo causará 2 p. de daño de las Sombras y debilitará al objetivo reduciendo su Ataque en 2p. durante 2 min.', '2023-05-29', 0),
(232, 4, 13, 4, 'Fuego interno', 1, '3 Puntos de Fe y adorar a la luz o una deidad solar.', 2, 4, 1, 0, '10 min o consumición', 0, 'Una ráfaga de energía Sagrada, suma +2 al bonificador de armadura del taumaturgo. Dura 10 min o hasta que le impacten 3 Ataques o proyectiles.', '2023-05-29', 0),
(233, 4, 13, 4, 'Suprimir enfermedades', 2, '4 Puntos de Fe', 2, 1, 1, 0, 'Inmediato', 30, 'Cura inmediatamente una enfermedad mientras su dificultad de Supervivencia sea inferior a Nivel del sacerdote+MOD SAB+10. Se repite una vez por ronda sobre el mismo objetivo durante 2 rondas.', '2023-05-29', 0),
(234, 4, 12, 4, 'Palabra de poder: amparo', 5, 'Vela sagrada y 3 Puntos de Fe', 10, 1, 1, 0, '20 rondas.', 30, 'Infunde un aura de poder al objetivo otorgándole resistencia a las sombras durante 20 rondas.', '2023-05-29', 0),
(235, 4, 12, 4, 'Rezo de amparo', 7, 'Vela sagrada y 5 Puntos de Fe', 10, 1, 1, 0, '20 rondas.', 30, 'Infunde un aura de poder a todos los objetivos en un radio de 30m otorgándole resistencia a las sombras durante 20 rondas.', '2023-05-29', 0),
(236, 4, 14, 1, 'Quemar maná', 4, 'Forma de las sombras activa', 8, 1, 2, 0, '3 rondas.', 30, 'Drena 2 PM por ronda, por cada 2PM drenado el objetivo sufre 2D6 de daño de sombras.', '2023-05-29', 0),
(237, 7, 26, 1, 'Oscuridad reconfortante', 3, 'Permanecer en sigilo', 7, 4, 3, 1, 'Hasta salir de sigilo', 0, 'Las sombras te sanan 1D6 por ronda mientras permanezcas en sigilo. Este hechizo se puede lanzar en sigilo.', '2023-06-13', 0),
(238, 7, 26, 1, 'Símbolos de la Muerte', 2, 'Arma con los símbolos de la muerte.', 5, 4, 5, 0, '2 rondas.', 0, 'Activa los antiguos símbolos de poder de todas tus armas, agregas 1D4 de daño adicional y +1 al ATQ. Dura 2 rondas. Si los símbolos no están grabados en la hoja por un ritual especial del gremio se consumen al terminar el efecto.', '2023-06-13', 0);